,Quarter,CPI,fed_6_m_quarterly,fed_5_y_quarterly,Interest Rate,GDP,Housing_Index,corporate_yield,Unemployment,SandP_500,WTI_Crude_Oil_Price
0,1947Q1,21.7,,,,243.164,,2.5566666666666666,,15.368709661290323,1.62
1,1947Q2,22.01,,,,245.968,,2.5366666666666666,,14.58920634920635,1.87
2,1947Q3,22.49,,,,249.585,,2.5733333333333333,,15.434531265624999,1.87
3,1947Q4,23.126666666666665,,,,259.745,,2.776666666666667,,15.249016393442622,2.0033333333333334
4,1948Q1,23.616666666666664,,,,265.742,,2.8466666666666662,3.7333333333333334,14.417704918032786,2.57
5,1948Q2,23.993333333333336,,,,272.567,,2.766666666666666,3.6666666666666665,16.130468765625,2.57
6,1948Q3,24.396666666666665,,,,279.196,,2.83,3.7666666666666666,16.037968796875,2.57
7,1948Q4,24.173333333333332,,,,280.366,,2.823333333333333,3.8333333333333335,15.545000048387097,2.57
8,1949Q1,23.94333333333333,,,,275.034,,2.706666666666667,4.666666666666666,15.009841269841269,2.57
9,1949Q2,23.916666666666668,,,,271.351,,2.706666666666667,5.866666666666666,14.526507936507937,2.57
10,1949Q3,23.71666666666667,,,,272.889,,2.6300000000000003,6.7,15.18875,2.57
11,1949Q4,23.66,,,,270.627,,2.5966666666666667,6.966666666666667,16.184999966666666,2.57
12,1950Q1,23.58666666666667,,,,280.828,,2.5766666666666667,6.4,17.142419467741934,2.57
13,1950Q2,23.766666666666666,,,,290.383,,2.61,5.566666666666666,18.362380984126982,2.57
14,1950Q3,24.203333333333333,,,,308.153,,2.6333333333333333,4.633333333333334,18.306825634920635,2.57
15,1950Q4,24.69333333333333,,,,319.945,,2.67,4.233333333333333,19.802131098360654,2.57
16,1951Q1,25.69666666666667,,,,336.0,,2.6999999999999997,3.5,21.575246098360655,2.57
17,1951Q2,25.94666666666667,,,,344.09,,2.9,3.1,21.7920311875,2.57
18,1951Q3,25.933333333333334,,,,351.385,,2.8866666666666667,3.166666666666667,22.75063492063492,2.57
19,1951Q4,26.316666666666666,,,,356.178,,2.953333333333333,3.3666666666666667,23.181639393442623,2.57
20,1952Q1,26.416666666666668,,,,359.82,,2.956666666666667,3.066666666666667,23.90774206451613,2.57
21,1952Q2,26.486666666666668,,,,361.03,,2.9333333333333336,2.966666666666667,23.948571492063493,2.57
22,1952Q3,26.666666666666668,,,,367.701,,2.9466666666666668,3.2333333333333334,25.01562515625,2.57
23,1952Q4,26.69666666666667,,,,380.812,,2.986666666666667,2.833333333333333,25.11475414754098,2.57
24,1953Q1,26.62,,,,387.98,,3.0700000000000003,2.7,26.029016475409836,2.57
25,1953Q2,26.72,,,,391.749,,3.323333333333333,2.566666666666667,24.49187503125,2.653333333333333
26,1953Q3,26.843333333333334,,,,391.171,,3.27,2.7333333333333334,23.994000015384614,2.82
27,1953Q4,26.89,,,,385.97,,3.1333333333333333,3.7,24.43459026229508,2.82
28,1954Q1,26.953333333333333,,,,385.345,,2.956666666666667,5.266666666666667,26.044032322580644,2.82
29,1954Q2,26.91,,,,386.121,,2.8766666666666665,5.8,28.440476126984127,2.82
30,1954Q3,26.84,,,1.03,390.996,,2.8833333333333333,5.966666666666667,30.7696875625,2.82
31,1954Q4,26.756666666666664,,,0.9866666666666667,399.734,,2.8866666666666667,5.333333333333334,33.56714296825397,2.82
32,1955Q1,26.793333333333333,,,1.3433333333333335,413.073,,2.9600000000000004,4.733333333333333,36.286825428571426,2.82
33,1955Q2,26.756666666666664,,,1.5,421.532,,3.033333333333333,4.4,38.44460279365079,2.82
34,1955Q3,26.776666666666667,,,1.9400000000000002,430.221,,3.1,4.1,43.139062515625,2.82
35,1955Q4,26.856666666666666,,,2.356666666666667,437.092,,3.1166666666666667,4.233333333333333,44.14080669354839,2.82
36,1956Q1,26.86,,,2.4833333333333334,439.746,,3.0966666666666662,4.033333333333333,45.36903229032258,2.82
37,1956Q2,27.036666666666665,,,2.6933333333333334,446.01,,3.26,4.2,46.94609371875,2.82
38,1956Q3,27.316666666666666,,,2.81,451.191,,3.4233333333333333,4.133333333333334,48.06190476190476,2.82
39,1956Q4,27.55,,,2.9266666666666663,460.463,,3.6766666666666663,4.133333333333334,46.14822587096774,2.82
40,1957Q1,27.776666666666667,,,2.9333333333333336,469.779,,3.6999999999999997,3.9333333333333336,44.35096774193548,2.9866666666666664
41,1957Q2,28.013333333333332,,,3.0,472.025,,3.7733333333333334,4.1,46.46222241269841,3.07
42,1957Q3,28.263333333333335,,,3.233333333333334,479.49,,4.07,4.233333333333333,46.18671878125,3.07
43,1957Q4,28.400000000000002,,,3.2533333333333334,474.864,,3.9966666666666666,4.933333333333334,40.66444426984127,3.046666666666667
44,1958Q1,28.736666666666668,,,1.8633333333333333,467.54,,3.606666666666667,6.3,41.495396825396824,3.07
45,1958Q2,28.930000000000003,,,0.9400000000000001,471.978,,3.58,7.366666666666667,43.593809507936506,3.07
46,1958Q3,28.913333333333338,,,1.3233333333333335,485.841,,3.8699999999999997,7.333333333333333,47.525625125,3.07
47,1958Q4,28.94333333333333,0.59,,2.1633333333333336,499.555,,4.093333333333334,6.366666666666666,52.274354709677425,3.0233333333333334
48,1959Q1,28.993333333333336,0.5466666666666666,,2.57,510.33,,4.13,5.833333333333334,55.54295073770492,2.99
49,1959Q2,29.043333333333333,0.29,,3.0833333333333335,522.653,,4.3533333333333335,5.1,57.50984598461539,2.97
50,1959Q3,29.19333333333333,0.5533333333333333,,3.5766666666666667,525.034,,4.473333333333333,5.266666666666667,58.747812421875,2.97
51,1959Q4,29.37,0.65,,3.99,528.6,,4.57,5.6,57.788571222222224,2.97
52,1960Q1,29.396666666666665,0.2833333333333333,,3.9333333333333336,542.648,,4.553333333333334,5.133333333333334,56.21317474603175,2.97
53,1960Q2,29.573333333333334,-0.4066666666666667,,3.6966666666666668,541.08,,4.453333333333333,5.233333333333333,56.08428553968254,2.97
54,1960Q3,29.59,-0.2266666666666666,,2.936666666666667,545.604,,4.3133333333333335,5.533333333333333,55.73875,2.97
55,1960Q4,29.78,0.3333333333333333,,2.296666666666667,540.197,,4.319999999999999,6.266666666666667,55.34048403225806,2.97
56,1961Q1,29.84,0.5333333333333333,,2.0033333333333334,545.018,,4.27,6.8,62.02403203225806,2.97
57,1961Q2,29.83,0.7533333333333333,,1.7333333333333334,555.545,,4.283333333333333,7.0,65.99698446031746,2.97
58,1961Q3,29.94666666666667,0.9133333333333334,,1.6833333333333333,567.664,,4.4366666666666665,6.766666666666667,66.86492060317461,2.97
59,1961Q4,29.99,0.3466666666666667,,2.4,580.612,,4.41,6.2,70.17403240322581,2.97
60,1962Q1,30.106666666666666,0.4566666666666667,1.4117741935483871,2.4566666666666666,594.013,,4.41,5.633333333333334,69.84317477777778,2.97
61,1962Q2,30.22,0.1966666666666666,0.99253968253968253968,2.606666666666667,600.366,,4.296666666666667,5.533333333333333,62.146507825396824,2.97
62,1962Q3,30.30666666666667,0.1533333333333333,0.89412698412698412698,2.8466666666666662,609.027,,4.336666666666667,5.566666666666666,57.84841280952381,2.97
63,1962Q4,30.38,-0.0433333333333333,0.67816666666666666667,2.9233333333333333,612.28,,4.256666666666667,5.533333333333333,59.4449206031746,2.97
64,1963Q1,30.47666666666667,-0.0033333333333333,0.68557377049180327869,2.966666666666667,621.672,,4.196666666666666,5.766666666666667,65.53274169354839,2.97
65,1963Q2,30.53333333333333,0.06,0.80190476190476190476,2.9633333333333334,629.752,,4.22,5.733333333333333,69.66936501587301,2.97
66,1963Q3,30.72,0.0866666666666666,0.60968750000000000000,3.33,644.444,,4.286666666666666,5.5,70.908593640625,2.97
67,1963Q4,30.80333333333333,0.1766666666666666,0.57622950819672131148,3.453333333333333,653.938,,4.333333333333333,5.566666666666666,73.29596791935484,2.97
68,1964Q1,30.930000000000003,0.2133333333333333,0.63163934426229508197,3.4633333333333334,669.822,,4.376666666666666,5.466666666666667,77.53467764516128,2.97
69,1964Q2,30.98,0.1166666666666666,0.59218750000000000000,3.49,678.674,,4.406666666666667,5.2,80.290624609375,2.97
70,1964Q3,31.05,0.16,0.61453125000000000000,3.456666666666667,692.031,,4.41,5.0,82.88234365625,2.92
71,1964Q4,31.19333333333333,0.25,0.52393442622950819672,3.5766666666666667,697.319,,4.43,4.966666666666667,84.7161910952381,2.92
72,1965Q1,31.290000000000003,0.0066666666666666,0.17967213114754098361,3.9766666666666666,717.79,,4.42,4.9,86.57580601612902,2.92
73,1965Q2,31.49,-0.1433333333333333,0.08825396825396825397,4.079999999999999,730.191,,4.443333333333333,4.666666666666666,87.37888877777779,2.92
74,1965Q3,31.583333333333332,-0.1,0.15093750000000000000,4.076666666666667,749.323,,4.496666666666667,4.366666666666666,86.91703109375,2.92
75,1965Q4,31.75,0.16,0.37213114754098360656,4.166666666666667,771.857,,4.613333333333333,4.1,91.75190477777778,2.92
76,1966Q1,32.04666666666666,0.2133333333333333,0.39904761904761904762,4.56,795.734,,4.8133333333333335,3.8666666666666663,91.50476184126984,2.92
77,1966Q2,32.336666666666666,-0.18,0.02190476190476190476,4.913333333333333,804.981,,5.003333333333334,3.8333333333333335,88.05793653968254,2.92
78,1966Q3,32.61666666666667,-0.08,0.07875000000000000000,5.41,819.638,,5.32,3.7666666666666666,81.34140596875,2.936666666666667
79,1966Q4,32.88333333333333,-0.1533333333333333,-0.32350000000000000000,5.5633333333333335,833.302,,5.383333333333333,3.7,79.79790316129032,2.97
80,1967Q1,32.96666666666667,-0.3066666666666666,-0.11688524590163934426,4.823333333333333,844.17,,5.12,3.8333333333333335,87.10677412903226,2.99
81,1967Q2,33.166666666666664,-0.13,0.79031250000000000000,3.9899999999999998,848.983,,5.263333333333334,3.8333333333333335,91.683125359375,3.0
82,1967Q3,33.5,0.9433333333333334,1.4261904761904762,3.893333333333333,865.233,,5.616666666666667,3.8,94.43365057142857,3.046666666666667
83,1967Q4,33.86666666666667,1.096666666666667,1.5329508196721311,4.173333333333333,881.439,,6.026666666666667,3.9,94.56887072580645,3.07
84,1968Q1,34.199999999999996,0.46,0.85661290322580645161,4.79,909.387,,6.126666666666666,3.7333333333333334,91.71774174193548,3.07
85,1968Q2,34.53333333333333,-0.3266666666666666,-0.11032258064516129032,5.983333333333333,934.344,,6.253333333333333,3.566666666666667,97.91406791525424,3.07
86,1968Q3,35.0,-0.6466666666666666,-0.42078125000000000000,5.946666666666666,950.825,,6.076666666666667,3.533333333333333,99.8817304423077,3.07
87,1968Q4,35.43333333333333,-0.2266666666666666,-0.07419354838709677419,5.916666666666667,968.03,,6.243333333333333,3.4,105.20679247169812,3.07
88,1969Q1,35.86666666666667,-0.32,-0.19754098360655737705,6.566666666666666,993.337,,6.7,3.4,100.95499998333334,3.1300000000000003
89,1969Q2,36.43333333333333,-1.9833333333333336,-1.6301587301587302,8.326666666666666,1009.02,,6.886666666666667,3.433333333333333,101.66730146031746,3.35
90,1969Q3,36.93333333333333,-1.7333333333333334,-1.6355555555555556,8.983333333333333,1029.956,,7.063333333333333,3.566666666666667,94.46714260317461,3.35
91,1969Q4,37.5,-1.336666666666667,-1.1259016393442623,8.94,1038.147,,7.466666666666666,3.566666666666667,94.209062484375,3.35
92,1970Q1,38.1,-1.38,-0.78416666666666666667,8.573333333333332,1051.2,,7.8933333333333335,4.166666666666666,88.76737726229508,3.35
93,1970Q2,38.63333333333333,-1.0533333333333337,-0.05630769230769230769,7.886666666666667,1067.375,,8.14,4.766666666666667,79.24738427692307,3.35
94,1970Q3,39.03333333333333,-0.1966666666666666,0.81546875000000000000,6.706666666666667,1086.059,,8.22,5.166666666666666,78.627187796875,3.31
95,1970Q4,39.6,-0.06,0.97633333333333333333,5.566666666666666,1088.608,,7.906666666666666,5.833333333333334,86.29875028125,3.393333333333333
96,1971Q1,39.93333333333333,0.06,1.5714754098360656,3.856666666666667,1135.156,,7.216666666666666,5.933333333333334,96.86758061290323,3.56
97,1971Q2,40.300000000000004,-0.11,1.5768253968253968,4.566666666666666,1156.271,,7.473333333333334,5.9,101.4214283968254,3.56
98,1971Q3,40.699999999999996,-0.1999999999999999,1.0467187500000000,5.476666666666667,1177.675,,7.5566666666666675,6.033333333333333,98.5171875,3.56
99,1971Q4,41.0,-0.3466666666666667,1.0926229508196721,4.75,1190.297,,7.3,5.933333333333334,96.45718753125,3.56
100,1972Q1,41.333333333333336,0.2633333333333333,2.1536507936507937,3.546666666666667,1230.609,,7.233333333333333,5.766666666666667,105.44952328571429,3.56
101,1972Q2,41.6,-0.0666666666666666,1.6659375000000000,4.3,1266.369,,7.276666666666666,5.7,108.1351565,3.56
102,1972Q3,41.93333333333333,-0.0133333333333333,1.3496825396825397,4.743333333333333,1290.566,,7.206666666666667,5.566666666666666,109.28730204761905,3.56
103,1972Q4,42.36666666666667,0.03,1.00116666666666666667,5.1466666666666665,1328.904,,7.136666666666667,5.366666666666666,113.83229503278689,3.56
104,1973Q1,43.03333333333333,-0.5499999999999999,0.06967741935483870968,6.536666666666666,1377.49,,7.22,4.933333333333334,114.98580667741936,3.56
105,1973Q2,43.93333333333334,-1.0266666666666666,-1.1001587301587302,7.816666666666666,1413.887,,7.3066666666666675,4.933333333333334,107.36761906349207,3.56
106,1973Q3,44.800000000000004,-2.1533333333333333,-3.1660317460317460,10.56,1433.838,,7.586666666666666,4.8,105.02238088888889,4.06
107,1973Q4,45.93333333333334,-2.3833333333333333,-3.1590000000000000,9.996666666666666,1476.289,,7.6499999999999995,4.766666666666667,102.574844015625,4.31
108,1974Q1,47.29999999999999,-1.843333333333333,-2.2957377049180328,9.323333333333332,1491.209,,7.896666666666666,5.133333333333334,95.74596801612904,10.11
109,1974Q2,48.56666666666666,-2.97,-3.1282539682539683,11.25,1530.056,,8.363333333333333,5.2,90.634762,10.11
110,1974Q3,49.93333333333334,-3.563333333333334,-3.6132812500000000,12.089999999999998,1560.026,,8.986666666666666,5.633333333333334,75.891093765625,10.11
111,1974Q4,51.46666666666667,-1.89,-1.6462295081967213,9.346666666666666,1599.679,,9.016666666666667,6.6,69.37968746875,11.160000000000002
112,1975Q1,52.56666666666666,-0.4366666666666667,0.97850000000000000000,6.303333333333334,1616.116,60.03,8.706666666666665,8.266666666666667,78.60475385245901,11.160000000000002
113,1975Q2,53.199999999999996,0.3133333333333333,2.3171875000000000,5.419999999999999,1651.853,60.96,8.873333333333333,8.866666666666667,89.004218890625,11.160000000000002
114,1975Q3,54.26666666666667,0.6266666666666667,2.0579687500000000,6.16,1709.82,61.19,8.913333333333332,8.466666666666667,87.700468765625,11.160000000000002
115,1975Q4,55.26666666666667,0.5533333333333333,2.4373770491803279,5.413333333333334,1761.831,62.24,8.81,8.3,89.06031259375,11.160000000000002
116,1976Q1,55.9,0.4333333333333333,2.6522580645161290,4.826666666666667,1820.487,62.78,8.556666666666667,7.7333333333333325,99.54190492063492,11.763333333333334
117,1976Q2,56.4,0.3266666666666666,2.2819047619047619,5.196666666666666,1852.332,65.42,8.533333333333333,7.566666666666667,101.62904715873016,12.17
118,1976Q3,57.300000000000004,0.1266666666666666,2.0240625000000000,5.283333333333333,1886.558,66.56,8.463333333333333,7.7333333333333325,104.2993751875,12.746666666666668
119,1976Q4,58.13333333333333,-0.0566666666666666,1.5754098360655738,4.873333333333334,1934.273,67.25,8.183333333333334,7.7666666666666675,102.63492017460318,13.9
120,1977Q1,59.199999999999996,0.21,2.1065079365079365,4.66,1988.648,69.53,8.033333333333333,7.5,101.76730125396826,13.9
121,1977Q2,60.23333333333333,-0.0866666666666666,1.6623809523809524,5.156666666666666,2055.909,72.73,8.013333333333334,7.133333333333334,99.03587326984128,13.9
122,1977Q3,61.06666666666666,-0.0633333333333333,1.1401587301587302,5.82,2118.473,74.39,7.946666666666666,6.9,97.97650757142857,14.533333333333333
123,1977Q4,61.96666666666667,-0.1,0.86800000000000000000,6.513333333333333,2164.27,77.21,8.103333333333333,6.666666666666666,93.94777782539683,14.85
124,1978Q1,63.03333333333333,-0.0666666666666666,1.0365573770491803,6.756666666666667,2202.76,79.57,8.450000000000001,6.333333333333334,89.35161270967741,14.85
125,1978Q2,64.46666666666667,-0.29,0.88349206349206349206,7.283333333333334,2331.633,82.76,8.67,6.0,96.028749921875,14.85
126,1978Q3,65.96666666666667,-0.5,0.32365079365079365079,8.1,2395.053,85.18,8.753333333333332,6.033333333333333,101.76492092063492,14.85
127,1978Q4,67.5,-0.5333333333333333,-0.73557377049180327869,9.583333333333334,2476.949,87.48,9.026666666666666,5.9,97.20460247619047,14.85
128,1979Q1,69.2,-0.6233333333333334,-0.88983870967741935484,10.073333333333332,2526.61,91.41,9.293333333333333,5.866666666666666,99.40222261904762,15.516666666666666
129,1979Q2,71.39999999999999,-0.8166666666666668,-1.0683870967741935,10.18,2591.247,94.49,9.39,5.7,101.13666657142858,17.683333333333334
130,1979Q3,73.7,-1.3033333333333337,-1.8106349206349206,10.946666666666667,2667.565,96.48,9.29,5.866666666666666,106.18206325396825,25.583333333333332
131,1979Q4,76.03333333333335,-1.8033333333333337,-2.9380327868852459,13.576666666666666,2723.883,98.22,10.543333333333335,5.966666666666667,105.239687171875,30.833333333333332
132,1980Q1,79.03333333333333,-1.8033333333333337,-2.7675806451612903,15.046666666666667,2789.842,100.0,12.143333333333333,6.3,110.22682565079364,35.833333333333336
133,1980Q2,81.7,-3.0766666666666667,-2.2315873015873016,12.686666666666667,2797.352,101.66,11.203333333333333,7.333333333333333,108.40253982539683,39.5
134,1980Q3,83.23333333333333,-0.49,0.88421875000000000000,9.836666666666666,2856.483,104.46,11.576666666666668,7.666666666666667,123.226561875,37.833333333333336
135,1980Q4,85.56666666666666,-2.5966666666666667,-3.2437704918032787,15.853333333333333,2985.557,104.57,12.83,7.4,132.9128565079365,36.333333333333336
136,1981Q1,87.93333333333334,-2.9233333333333333,-3.3077049180327869,16.569999999999997,3124.206,105.19,13.163333333333334,7.433333333333333,131.6429033387097,38.0
137,1981Q2,89.76666666666667,-3.5033333333333334,-3.5880952380952381,17.78,3162.532,107.41,13.983333333333334,7.4,132.81952434920635,37.333333333333336
138,1981Q3,92.26666666666667,-2.5166666666666666,-2.2678125000000000,17.576666666666664,3260.609,108.85,14.920000000000002,7.4,125.7295309375,36.0
139,1981Q4,93.76666666666667,-1.373333333333333,0.56393442622950819672,13.586666666666666,3280.818,107.49,14.616666666666667,8.233333333333333,122.147031015625,35.333333333333336
140,1982Q1,94.60000000000001,-1.1566666666666665,0.11934426229508196721,14.226666666666667,3274.302,106.14,15.01,8.833333333333332,114.03725812903225,31.296666666666667
141,1982Q2,95.96666666666665,-1.96,-0.46936507936507936508,14.513333333333334,3331.972,108.8,14.51,9.433333333333334,114.01365073015873,34.81666666666667
142,1982Q3,97.63333333333333,-0.63,2.1326562500000000,11.006666666666666,3366.322,107.02,13.753333333333332,9.9,113.755312546875,34.580000000000005
143,1982Q4,97.93333333333334,-1.0233333333333332,1.1552459016393443,9.286666666666667,3402.561,111.7,11.876666666666665,10.666666666666666,136.750626234375,33.85
144,1983Q1,98.0,-0.4766666666666667,1.4557142857142857,8.653333333333334,3473.413,114.43,11.843333333333334,10.366666666666665,147.80809433333334,29.653333333333336
145,1983Q2,99.13333333333333,-0.3333333333333333,1.4134920634920635,8.803333333333335,3578.848,115.94,11.57,10.133333333333333,162.86349246031745,30.536666666666665
146,1983Q3,100.10000000000001,-0.1533333333333333,1.9679687500000000,9.459999999999999,3689.179,116.96,12.343333333333334,9.366666666666667,165.390624296875,31.560000000000002
147,1983Q4,101.10000000000001,-0.4533333333333333,1.9673333333333333,9.43,3794.706,117.66,12.410000000000002,8.533333333333333,165.75222152380954,29.83
148,1984Q1,102.53333333333335,-0.4033333333333333,1.9443548387096774,9.686666666666667,3908.054,119.43,12.283333333333333,7.866666666666667,160.36365153968254,30.198666666666668
149,1984Q2,103.5,-0.3366666666666666,2.3809523809523810,10.556666666666667,4009.601,121.04,13.213333333333333,7.433333333333333,155.7423802857143,30.36833333333333
150,1984Q3,104.39999999999999,-0.8566666666666666,1.4150793650793651,11.39,4084.25,122.17,12.99,7.433333333333333,160.48349166666665,29.104333333333333
151,1984Q4,105.3,-0.2799999999999999,2.2355737704918033,9.266666666666667,4148.551,123.15,12.35,7.3,165.189687515625,27.430666666666667
152,1985Q1,106.26666666666667,-0.0466666666666666,2.7233333333333333,8.476666666666667,4230.168,124.9,12.256666666666668,7.2333333333333325,177.09854796774195,27.05
153,1985Q2,107.23333333333333,-0.2666666666666666,2.3700000000000000,7.923333333333333,4294.887,126.77,11.63,7.3,184.73793546031746,27.857
154,1985Q3,107.89999999999999,-0.6366666666666667,1.8469841269841270,7.8999999999999995,4386.773,128.75,11.030000000000001,7.2,188.5496826825397,27.791
155,1985Q4,109.0,-0.8466666666666667,1.0666129032258065,8.103333333333333,4444.094,130.18,10.576666666666666,7.033333333333333,196.61671878125,29.193
156,1986Q1,109.56666666666666,-0.88,0.36650000000000000000,7.826666666666667,4507.894,132.72,9.573333333333332,7.033333333333333,219.5860647704918,17.00166666666667
157,1986Q2,109.03333333333335,-0.7400000000000001,0.44187500000000000000,6.919999999999999,4545.34,135.5,9.003333333333332,7.166666666666666,240.53343796875,13.92
158,1986Q3,109.7,-0.62,0.70687500000000000000,6.206666666666666,4607.669,137.56,8.83,6.966666666666667,241.134842875,13.86
159,1986Q4,110.46666666666665,-0.86,0.33983870967741935484,6.266666666666667,4657.627,139.69,8.676666666666668,6.833333333333334,243.51984409375,15.378333333333336
160,1987Q1,111.8,-0.6766666666666667,0.58540983606557377049,6.22,4722.156,142.46,8.366666666666667,6.6,279.46532417741935,18.229
161,1987Q2,113.06666666666666,-0.6699999999999999,1.2782539682539683,6.6499999999999995,4806.16,144.68,9.166666666666666,6.266666666666667,293.4685706984127,19.364
162,1987Q3,114.26666666666667,-0.66,1.5506250000000000,6.843333333333334,4884.555,146.34,9.756666666666666,6.0,319.223748703125,20.385
163,1987Q4,115.33333333333333,-0.5033333333333333,1.7216129032258065,6.916666666666667,5007.994,147.3,10.213333333333333,5.833333333333334,255.700156921875,18.669666666666668
164,1988Q1,116.23333333333333,-0.6333333333333333,1.2348387096774194,6.663333333333334,5073.372,149.59,9.556666666666667,5.7,258.4769851269841,16.714
165,1988Q2,117.56666666666666,-0.6633333333333334,1.2536507936507937,7.156666666666666,5190.036,152.59,9.81,5.466666666666667,263.2687305714286,17.281000000000002
166,1988Q3,119.0,-0.7133333333333334,0.78296875000000000000,7.983333333333333,5282.835,154.18,9.963333333333333,5.466666666666667,266.7823425,15.162999999999998
167,1988Q4,120.3,-0.61,0.32245901639344262295,8.47,5399.509,155.59,9.51,5.333333333333334,274.97825409523807,14.680333333333332
168,1989Q1,121.66666666666667,-0.8566666666666668,-0.15852459016393442623,9.443333333333333,5511.253,157.4,9.686666666666667,5.2,290.6385493225807,18.418000000000003
169,1989Q2,123.63333333333333,-1.3966666666666665,-0.91203125000000000000,9.726666666666667,5612.463,159.56,9.486666666666666,5.233333333333333,313.648280125,20.358999999999998
170,1989Q3,124.60000000000001,-1.3866666666666667,-1.0474603174603175,9.083333333333334,5695.365,162.96,8.966666666666667,5.233333333333333,342.1761915238095,19.253333333333334
171,1989Q4,125.86666666666667,-1.1033333333333333,-0.80693548387096774194,8.613333333333333,5747.237,164.31,8.89,5.366666666666666,345.3774593333333,20.333000000000002
172,1990Q1,128.03333333333333,-0.55,0.12080645161290322581,8.25,5872.701,165.24,9.193333333333333,5.3,336.57476322222226,21.722333333333335
173,1990Q2,129.29999999999998,-0.5,0.40666666666666666667,8.243333333333332,5960.028,165.93,9.396666666666667,5.333333333333334,349.79650784126983,17.896666666666665
174,1990Q3,131.53333333333333,-0.7533333333333333,0.24047619047619047619,8.16,6015.116,166.96,9.403333333333334,5.7,335.8817453809524,26.499666666666666
175,1990Q4,133.76666666666665,-0.7799999999999999,0.25612903225806451613,7.743333333333332,6004.733,166.31,9.293333333333335,6.133333333333334,316.562033078125,31.852999999999998
176,1991Q1,134.76666666666668,-0.3833333333333333,1.1106666666666667,6.426666666666667,6035.178,167.68,8.933333333333332,6.6,352.28295096721314,21.780666666666665
177,1991Q2,135.56666666666666,-0.1733333333333333,1.8932812500000000,5.863333333333333,6126.862,168.8,8.909999999999998,6.833333333333334,378.665936921875,20.752666666666666
178,1991Q3,136.6,-0.1966666666666666,1.8223437500000000,5.6433333333333335,6205.937,169.13,8.786666666666667,6.866666666666666,385.55984257812503,21.655
179,1991Q4,137.73333333333332,-0.2333333333333333,1.7108064516129032,4.816666666666666,6264.54,171.49,8.446666666666667,7.1,387.116094046875,21.736666666666668
180,1992Q1,138.66666666666666,-0.03,2.5345161290322581,4.023333333333333,6363.102,172.82,8.28,7.366666666666667,411.9719039047619,18.910333333333334
181,1992Q2,139.73333333333332,0.0266666666666666,2.8200000000000000,3.7699999999999996,6470.763,172.78,8.276666666666666,7.6,410.0615888888889,21.186
182,1992Q3,140.79999999999998,-0.1066666666666666,2.2878125000000000,3.2566666666666664,6566.641,174.75,7.98,7.633333333333333,417.11906240625,21.670333333333332
183,1992Q4,142.03333333333333,0.21,2.8406451612903226,3.0366666666666666,6680.803,175.62,8.023333333333333,7.366666666666667,423.687655921875,20.479
184,1993Q1,143.0666666666667,0.0466666666666666,2.3696721311475410,3.0399999999999996,6729.459,175.7,7.733333333333333,7.133333333333334,442.7503209677419,19.825
185,1993Q2,144.1,0.08,2.1582539682539683,3.0,6808.939,177.39,7.406666666666666,7.066666666666666,445.5058724444445,19.76
186,1993Q3,144.76666666666668,0.06,1.8578125000000000,3.06,6882.098,178.82,6.8933333333333335,6.8,453.55874831250003,17.796333333333333
187,1993Q4,145.96666666666667,0.2133333333333333,1.9850000000000000,2.99,7013.738,180.29,6.843333333333334,6.633333333333334,464.271874453125,16.451333333333334
188,1994Q1,146.70000000000002,0.24,2.2483870967741935,3.2133333333333334,7115.652,181.42,7.16,6.566666666666666,469.2134922857143,14.813333333333333
189,1994Q2,147.53333333333333,0.4733333333333333,2.7022580645161290,3.94,7246.931,182.49,7.946666666666666,6.2,451.1685490483871,17.776666666666667
190,1994Q3,148.9,0.4033333333333333,2.4392187500000000,4.486666666666667,7331.075,183.25,8.173333333333334,6.0,461.120780875,18.496666666666666
191,1994Q4,149.76666666666668,0.6066666666666667,2.4542622950819672,5.166666666666667,7455.288,183.09,8.57,5.633333333333334,460.00523785714284,17.656666666666666
192,1995Q1,150.86666666666667,0.2333333333333333,1.5359677419354839,5.81,7522.289,184.05,8.28,5.466666666666667,480.46571566666665,18.356666666666666
193,1995Q2,152.1,-0.3999999999999999,0.35888888888888888889,6.02,7580.997,187.08,7.66,5.666666666666666,524.4428565079365,19.343333333333334
194,1995Q3,152.86666666666667,-0.4366666666666667,0.28063492063492063492,5.796666666666667,7683.125,189.97,7.433333333333334,5.666666666666666,564.7963470476191,17.853333333333335
195,1995Q4,153.70000000000002,-0.48,-0.05903225806451612903,5.72,7772.586,191.42,6.986666666666667,5.566666666666666,597.1714283968254,18.156666666666666
196,1996Q1,155.06666666666666,-0.48,0.17403225806451612903,5.363333333333333,7868.468,193.57,7.05,5.533333333333333,636.4547641428571,19.77
197,1996Q2,156.4,-0.0999999999999999,1.2046875000000000,5.243333333333333,8032.84,193.89,7.609999999999999,5.5,658.8520605079366,21.756666666666664
198,1996Q3,157.29999999999998,-0.0833333333333333,1.2015625000000000,5.306666666666667,8131.408,194.75,7.59,5.266666666666667,660.097969921875,22.423333333333332
199,1996Q4,158.66666666666666,-0.2066666666666666,0.79129032258064516129,5.28,8259.771,196.27,7.2299999999999995,5.333333333333334,725.860781671875,24.666666666666668
200,1997Q1,159.63333333333333,-0.1366666666666667,1.0738333333333333,5.276666666666666,8362.655,197.9,7.426666666666667,5.233333333333333,784.7406576393444,22.790000000000003
201,1997Q2,160.0,-0.2566666666666666,1.01468750000000000000,5.523333333333333,8518.825,199.53,7.573333333333333,5.0,823.489846234375,19.906666666666666
202,1997Q3,160.79999999999998,-0.3999999999999999,0.56125000000000000000,5.533333333333334,8662.823,202.24,7.169999999999999,4.866666666666666,929.944374109375,19.78333333333333
203,1997Q4,161.66666666666666,-0.34,0.29193548387096774194,5.506666666666667,8765.907,204.87,6.876666666666666,4.666666666666666,951.37906359375,19.916666666666668
204,1998Q1,162.0,-0.4733333333333333,-0.00934426229508196721,5.52,8866.48,207.94,6.666666666666667,4.633333333333334,1023.0900048688524,15.93
205,1998Q2,162.53333333333333,-0.3933333333333333,0.07301587301587301587,5.5,8969.699,209.8,6.636666666666667,4.4,1109.6671393968254,14.653333333333334
206,1998Q3,163.36666666666667,-0.6633333333333333,-0.43390625000000000000,5.533333333333334,9121.097,212.74,6.489999999999999,4.533333333333333,1085.080779125,14.13
207,1998Q4,164.13333333333333,-0.57,-0.49387096774193548387,4.86,9293.991,215.26,6.333333333333333,4.433333333333334,1121.62702753125,12.839999999999998
208,1999Q1,164.73333333333332,-0.32,0.13573770491803278689,4.733333333333333,9411.682,217.52,6.420000000000001,4.3,1260.492625770492,13.046666666666667
209,1999Q2,165.96666666666667,-0.1633333333333333,0.68500000000000000000,4.746666666666667,9526.21,220.42,6.933333333333334,4.266666666666667,1329.6433376984126,17.66
210,1999Q3,167.20000000000002,-0.3166666666666666,0.65250000000000000000,5.093333333333334,9686.626,223.55,7.326666666666667,4.233333333333333,1341.986724859375,21.736666666666668
211,1999Q4,168.43333333333334,-0.0999999999999999,0.75629032258064516129,5.306666666666667,9900.169,225.84,7.486666666666667,4.066666666666666,1374.09875109375,24.563333333333333
212,2000Q1,170.1,0.0133333333333333,0.85126984126984126984,5.676666666666667,10002.179,230.16,7.713333333333334,4.033333333333333,1420.001426079365,28.80666666666667
213,2000Q2,171.4333333333333,-0.3133333333333333,0.13349206349206349206,6.273333333333333,10247.72,233.91,7.766666666666667,3.9333333333333336,1446.5936492857143,28.78333333333333
214,2000Q3,173.0,-0.5033333333333333,-0.45317460317460317460,6.52,10318.165,238.18,7.6066666666666665,4.0,1475.9788876825396,31.623333333333335
215,2000Q4,174.23333333333335,-0.5466666666666666,-0.94403225806451612903,6.473333333333334,10435.744,241.82,7.403333333333333,3.9,1366.3103123809524,31.98
216,2001Q1,175.9,-0.9466666666666668,-0.82129032258064516129,5.593333333333334,10470.231,247.81,7.076666666666667,4.233333333333333,1273.3290385645162,28.81
217,2001Q2,177.13333333333333,-0.6866666666666666,0.51539682539682539683,4.326666666666667,10599.0,251.97,7.223333333333334,4.4,1234.2503139206349,27.883333333333336
218,2001Q3,177.63333333333333,-0.3733333333333333,1.0242622950819672,3.4966666666666666,10598.02,255.88,7.1066666666666665,4.833333333333334,1153.7066133220337,26.599999999999998
219,2001Q4,177.5,-0.2066666666666666,1.9314516129032258,2.1333333333333333,10660.465,259.04,6.923333333333333,5.5,1115.367660515625,20.403333333333332
220,2002Q1,178.0666666666667,0.1166666666666666,2.7185000000000000,1.7333333333333334,10783.5,262.76,6.623333333333332,5.7,1132.2148336333335,21.61
221,2002Q2,179.46666666666667,0.1066666666666666,2.6939062500000000,1.75,10887.46,267.24,6.713333333333334,5.833333333333334,1070.1500025,26.27
222,2002Q3,180.4333333333333,-0.11,1.6112500000000000,1.74,10984.04,272.54,6.3500000000000005,5.733333333333333,895.48859690625,28.330000000000002
223,2002Q4,181.5,-0.0866666666666666,1.5530645161290323,1.4433333333333334,11061.433,276.41,6.28,5.866666666666666,886.528284984375,28.180000000000003
224,2003Q1,183.36666666666667,-0.08,1.6565573770491803,1.25,11174.129,279.77,6.003333333333333,5.866666666666666,860.7601638196721,34.12
225,2003Q2,183.0666666666667,-0.1999999999999999,1.3160317460317460,1.2466666666666668,11312.766,283.2,5.31,6.133333333333334,937.9946018095237,29.036666666666665
226,2003Q3,184.4333333333333,-0.02,2.1231250000000000,1.0166666666666666,11566.669,287.57,5.696666666666666,6.133333333333334,1000.380469375,30.213333333333335
227,2003Q4,185.13333333333333,0.0066666666666666,2.2451612903225806,0.9966666666666667,11772.234,295.7,5.656666666666666,5.833333333333334,1056.45250128125,31.189999999999998
228,2004Q1,186.70000000000002,-0.02,1.9777419354838710,1.0033333333333332,11923.447,300.35,5.456666666666667,5.7,1132.6712862741936,35.25666666666667
229,2004Q2,188.16666666666666,0.3233333333333333,2.7074193548387097,1.01,12112.815,307.69,5.926666666666667,5.6,1123.1964564032257,38.330000000000005
230,2004Q3,189.36666666666667,0.3166666666666666,2.0662500000000000,1.4333333333333333,12305.307,319.42,5.6433333333333335,5.433333333333334,1103.908279453125,43.85999999999999
231,2004Q4,191.4,0.2833333333333334,1.5416129032258065,1.95,12527.214,326.27,5.486666666666667,5.433333333333334,1162.6520328125,48.30666666666667
232,2005Q1,192.36666666666667,0.3233333333333333,1.4155737704918033,2.47,12767.286,333.76,5.32,5.3,1191.9478679508195,49.70666666666667
233,2005Q2,193.66666666666666,0.1433333333333333,0.93031250000000000000,2.9433333333333334,12922.656,344.46,5.146666666666667,5.1,1181.974056234375,53.04333333333333
234,2005Q3,196.6,0.1233333333333333,0.57703125000000000000,3.4599999999999995,13142.642,354.91,5.093333333333333,4.966666666666667,1224.174377453125,63.080000000000005
235,2005Q4,198.4333333333333,0.1266666666666666,0.41508196721311475410,3.98,13324.204,362.94,5.38,4.966666666666667,1230.468253984127,60.03333333333333
236,2006Q1,199.46666666666667,0.0266666666666666,0.08516129032258064516,4.456666666666667,13599.16,368.7,5.390000000000001,4.733333333333333,1283.6550016612903,63.34666666666667
237,2006Q2,201.26666666666665,-0.0699999999999999,0.08777777777777777778,4.906666666666667,13753.424,372.47,5.8933333333333335,4.633333333333334,1280.8117443015874,70.52999999999999
238,2006Q3,203.16666666666666,-0.2733333333333334,-0.40714285714285714286,5.246666666666667,13870.188,375.53,5.68,4.633333333333334,1288.317307238095,70.44333333333333
239,2006Q4,202.33333333333334,-0.33,-0.64387096774193548387,5.246666666666667,14039.56,379.39,5.386666666666667,4.433333333333334,1388.6353934444446,60.093333333333334
240,2007Q1,204.317,-0.3233333333333333,-0.61854838709677419355,5.256666666666667,14215.651,380.8,5.363333333333333,4.5,1424.3813116065573,58.129999999999995
241,2007Q2,206.631,-0.45,-0.48812500000000000000,5.25,14402.082,380.56,5.576666666666667,4.5,1497.176188174603,64.97
242,2007Q3,207.939,-0.6533333333333333,-0.57761904761904761905,5.073333333333333,14564.117,376.3,5.753333333333334,4.666666666666666,1489.4634951587302,75.5
243,2007Q4,210.4896666666667,-0.93,-0.69887096774193548387,4.496666666666667,14715.058,375.08,5.53,4.8,1495.74546621875,90.85000000000001
244,2008Q1,212.76966666666667,-1.086666666666667,-0.43524590163934426230,3.1766666666666663,14706.538,372.32,5.456666666666667,5.0,1350.661475,97.95333333333333
245,2008Q2,215.5376666666667,-0.2533333333333333,1.0646875000000000,2.0866666666666664,14865.701,362.93,5.6000000000000005,5.333333333333334,1371.627504359375,123.96333333333332
246,2008Q3,218.861,-0.12,1.1553125000000000,1.9400000000000002,14898.999,351.48,5.653333333333333,6.0,1252.024683015625,117.98333333333333
247,2008Q4,213.84866666666667,0.2233333333333333,1.6387096774193548,0.5066666666666667,14608.209,348.24,5.816666666666666,6.866666666666666,911.977345484375,58.370000000000005
248,2009Q1,212.37766666666667,0.2066666666666666,1.5742622950819672,0.18333333333333335,14430.902,350.81,5.273333333333333,8.266666666666667,807.6659005245901,42.96
249,2009Q2,213.50699999999998,0.14,2.0626984126984127,0.18000000000000002,14381.236,341.62,5.513333333333333,9.3,892.6014278730158,59.54333333333333
250,2009Q3,215.34399999999997,0.09,2.3129687500000000,0.15666666666666665,14448.882,332.7,5.266666666666667,9.633333333333333,995.7482805,68.20333333333333
251,2009Q4,217.03,0.04,2.1854838709677419,0.12,14651.249,330.17,5.2,9.933333333333334,1088.723279921875,76.06666666666666
252,2010Q1,217.37400000000002,0.0499999999999999,2.2906557377049180,0.13333333333333333,14764.61,326.23,5.293333333333333,9.833333333333332,1123.593601885246,78.62666666666667
253,2010Q2,217.29733333333334,0.0233333333333333,2.0629687500000000,0.19333333333333336,14980.193,323.27,5.043333333333333,9.633333333333333,1134.5844396507937,77.89
254,2010Q3,217.93433333333334,0.0066666666666666,1.3565625000000000,0.18666666666666668,15141.607,326.41,4.58,9.466666666666667,1096.2468748125,76.16666666666667
255,2010Q4,219.69899999999998,-0.0033333333333333,1.3140322580645161,0.18666666666666668,15309.474,324.09,4.8566666666666665,9.5,1204.585620875,85.02666666666667
256,2011Q1,222.04366666666667,0.0133333333333333,1.9638709677419355,0.15666666666666668,15351.448,315.09,5.13,9.033333333333333,1302.5290271612903,93.98
257,2011Q2,224.56833333333336,0.01,1.7612698412698413,0.09333333333333334,15557.539,309.55,5.036666666666666,9.066666666666666,1318.3328586190476,102.55333333333334
258,2011Q3,226.03266666666664,-0.0233333333333333,1.0601562500000000,0.08333333333333333,15647.68,311.85,4.463333333333334,9.0,1225.26844221875,89.71
259,2011Q4,227.04733333333334,-0.0233333333333333,0.87754098360655737705,0.07333333333333335,15842.259,313.28,3.926666666666667,8.633333333333333,1225.6512683650794,94.06333333333333
260,2012Q1,228.32600000000002,0.0066666666666666,0.79209677419354838710,0.10333333333333333,16068.805,310.0,3.896666666666667,8.266666666666667,1348.783715064516,102.89333333333333
261,2012Q2,228.808,-0.0066666666666666,0.63437500000000000000,0.15333333333333335,16207.115,308.58,3.8000000000000003,8.2,1349.6785656031745,93.48
262,2012Q3,229.841,0.0,0.52269841269841269841,0.14333333333333334,16319.541,312.7,3.456666666666667,8.033333333333333,1400.9457155396826,92.27
263,2012Q4,231.36933333333332,-0.0233333333333333,0.52934426229508196721,0.16,16420.419,315.15,3.5400000000000005,7.8,1418.1390301612903,88.16000000000001
264,2013Q1,232.29933333333335,-0.03,0.67750000000000000000,0.14333333333333334,16648.189,316.71,3.8766666666666665,7.7333333333333325,1513.9799968,94.35333333333334
265,2013Q2,232.045,-0.03,0.79234375000000000000,0.11666666666666665,16728.687,321.54,3.9633333333333334,7.533333333333333,1609.491250953125,94.22333333333331
266,2013Q3,233.29999999999998,-0.0233333333333333,1.4182812500000000,0.08333333333333333,16953.838,326.15,4.506666666666667,7.2333333333333325,1674.9435920937499,105.82333333333334
267,2013Q4,234.1626666666667,0.0066666666666666,1.3535483870967742,0.08666666666666667,17192.019,328.74,4.593333333333334,6.933333333333334,1768.66734690625,97.34333333333332
268,2014Q1,235.621,0.0033333333333333,1.5306557377049180,0.07333333333333335,17197.738,331.44,4.44,6.666666666666666,1834.8711478032787,98.74666666666667
269,2014Q2,236.87233333333333,-0.04,1.5666666666666667,0.09333333333333334,17518.508,337.87,4.216666666666667,6.2,1900.372696095238,103.34666666666668
270,2014Q3,237.47833333333332,-0.04,1.6118750000000000,0.09000000000000001,17804.228,342.75,4.116666666666667,6.066666666666666,1975.908121046875,97.78000000000002
271,2014Q4,236.88833333333332,-0.0233333333333333,1.4988709677419355,0.09999999999999999,17912.079,345.53,3.8766666666666665,5.7,2009.344375609375,73.16000000000001
272,2015Q1,235.35500000000002,-0.0233333333333333,1.3426229508196721,0.11,18063.529,349.34,3.5700000000000003,5.533333333333333,2063.689835327869,48.54
273,2015Q2,236.96,-0.0366666666666666,1.3992187500000000,0.12333333333333334,18279.784,355.01,3.896666666666667,5.433333333333334,2101.829055015873,57.84666666666667
274,2015Q3,237.855,0.0366666666666666,1.4200000000000000,0.1366666666666667,18401.626,360.04,4.086666666666667,5.1,2027.200002671875,46.416666666666664
275,2015Q4,237.837,0.1466666666666666,1.4233870967741935,0.16,18435.137,362.94,3.9933333333333336,5.033333333333333,2052.311878140625,41.949999999999996
276,2016Q1,237.68933333333334,0.0833333333333333,1.00409836065573770492,0.36000000000000004,18525.933,366.27,3.9266666666666663,4.9,1951.2249135081966,33.18333333333333
277,2016Q2,239.59033333333332,0.02,0.87046875000000000000,0.37333333333333335,18711.702,373.13,3.59,4.933333333333334,2075.13140675,45.406666666666666
278,2016Q3,240.60733333333334,0.0333333333333333,0.73328125000000000000,0.39666666666666667,18892.639,379.78,3.3366666666666664,4.9,2162.056869515625,44.85
279,2016Q4,242.13466666666667,0.1066666666666666,1.1655737704918033,0.45,19089.379,382.72,3.81,4.766666666666667,2184.8785574603176,49.13666666666666
280,2017Q1,243.83866666666665,0.0066666666666666,1.2440322580645161,0.7000000000000001,19280.084,385.47,3.9599999999999995,4.566666666666666,2325.9278997903225,51.76666666666667
281,2017Q2,244.12,0.0633333333333333,0.85761904761904761905,0.9500000000000001,19438.643,394.09,3.8000000000000003,4.366666666666666,2397.970935619048,48.24
282,2017Q3,245.287,-0.03,0.65793650793650793651,1.1533333333333333,19692.595,400.16,3.6533333333333338,4.333333333333334,2467.1746264285716,48.163333333333334
283,2017Q4,247.23833333333334,0.15,0.86741935483870967742,1.2033333333333334,20037.088,403.48,3.56,4.166666666666666,2603.2773166031743,55.36666666666667
284,2018Q1,249.3216666666667,0.29,1.0906557377049180,1.4466666666666665,20328.553,409.15,3.7466666666666666,4.033333333333333,2733.4767226065574,62.88666666666666
285,2018Q2,250.679,0.2666666666666666,1.0284375000000000,1.7366666666666666,20580.912,416.68,3.936666666666667,3.9333333333333336,2703.1312446875,68.03333333333335
286,2018Q3,251.68633333333332,0.2733333333333334,0.88555555555555555556,1.9233333333333331,20798.73,421.79,3.91,3.7666666666666666,2849.601430746032,69.75666666666667
287,2018Q4,252.711,0.2266666666666666,0.66622950819672131148,2.22,20917.867,423.23,4.126666666666666,3.8333333333333335,2698.9268275873014,59.076666666666675
288,2019Q1,253.38566666666665,0.0433333333333333,0.06360655737704918033,2.4033333333333333,21104.133,427.96,3.83,3.8666666666666663,2721.0044184754097,54.826666666666675
289,2019Q2,255.24733333333333,-0.1133333333333333,-0.27603174603174603175,2.3966666666666665,21384.775,435.11,3.5933333333333333,3.6333333333333337,2882.3277646190477,59.78333333333333
290,2019Q3,256.08933333333334,-0.2733333333333333,-0.56921875000000000000,2.19,21694.282,440.66,3.1,3.6,2957.836406703125,56.370000000000005
291,2019Q4,257.888,-0.0733333333333333,-0.03709677419354838710,1.6433333333333333,21902.39,444.57,3.026666666666667,3.6,3082.7556115,56.95666666666667
292,2020Q1,258.7673333333333,-0.16,-0.08806451612903225806,1.26,21706.513,449.73,2.9133333333333336,3.8333333333333335,3055.8691839516127,45.75666666666667
293,2020Q2,256.326,0.1066666666666666,0.29857142857142857143,0.06,19913.143,454.23,2.4566666666666666,13.0,2931.6855546190473,27.80666666666667
294,2020Q3,259.2416666666667,0.0366666666666666,0.17890625000000000000,0.09333333333333334,21647.64,462.21,2.2333333333333334,8.8,3319.834072140625,40.89333333333334
295,2020Q4,261.04966666666667,0.01,0.28048387096774193548,0.09000000000000001,22024.502,472.38,2.3033333333333332,6.733333333333333,3555.2003134603174,42.45333333333333
296,2021Q1,263.6703333333333,-0.0133333333333333,0.54163934426229508197,0.08,22600.185,483.77,2.7300000000000004,6.233333333333333,3865.7068852459015,57.79
297,2021Q2,268.62266666666665,-0.0266666666666666,0.77187500000000000000,0.07,23292.362,510.67,2.8833333333333333,5.933333333333334,4183.62634920635,66.08999999999999
298,2021Q3,272.89000000000004,-0.0366666666666666,0.70937500000000000000,0.09000000000000001,23828.973,539.12,2.55,5.066666666666666,4421.58796875,70.62333333333333
299,2021Q4,278.6803333333333,0.0133333333333333,1.1014516129032258,0.08,24654.603,557.65,2.65,4.166666666666666,4602.1089062500005,77.44666666666667
300,2022Q1,284.826,0.48,1.7095161290322581,0.12,25029.116,578.15,3.203333333333333,3.8,4463.855483870967,94.45333333333333
301,2022Q2,291.7063333333333,0.8366666666666666,2.1845161290322581,0.77,25544.273,616.29,4.043333333333333,3.6333333333333337,4105.667096774193,108.72333333333334
302,2022Q3,295.509,0.96,1.0260937500000000,2.19,25994.639,626.4,4.239999999999999,3.533333333333333,3980.35109375,93.18333333333334
303,2022Q4,298.44100000000003,0.7633333333333333,0.34573770491803278689,3.653333333333333,26408.405,621.3,4.81,3.566666666666667,3851.9734920634924,82.78666666666668
304,2023Q1,301.20300000000003,0.2333333333333333,-0.72032258064516129032,4.516666666666667,26813.601,624.81,4.52,3.5,4000.064516129032,76.07666666666667
305,2023Q2,303.46666666666664,0.0166666666666666,-1.2938095238095238,4.989999999999999,27063.012,644.13,4.596666666666667,3.566666666666667,4206.072903225806,73.76
306,2023Q3,306.03433333333334,0.0266666666666666,-0.95095238095238095238,5.260000000000001,27610.128,656.36,4.913333333333333,3.7,4458.13746031746,82.29666666666667
307,2023Q4,308.099,-0.0999999999999999,-0.90225806451612903226,5.33,27956.998,657.83,5.21,3.7333333333333334,4464.907619047619,78.41000000000001
308,2024Q1,310.98966666666666,-0.2566666666666666,-1.2080327868852459,5.33,28269.174,664.85,4.97,3.8,4992.540983606557,77.56
309,2024Q2,313.1603333333333,-0.1733333333333333,-0.86571428571428571429,5.33,28652.337,682.18,5.22,4.0,5246.626507936508,81.71333333333332
310,2024Q3,313.8275,-0.54,-1.4679687500000000,5.33,,,4.995,4.2,5543.46921875,76.24
